{"stats":{"minecraft:custom":{"minecraft:jump":40,"minecraft:time_since_rest":2600,"minecraft:damage_dealt":26,"minecraft:play_one_minute":2600,"minecraft:sprint_one_cm":8805,"minecraft:damage_taken":10,"minecraft:time_since_death":2600,"minecraft:walk_one_cm":9719,"minecraft:fall_one_cm":627,"minecraft:interact_with_crafting_table":1,"minecraft:fly_one_cm":7218},"minecraft:picked_up":{"minecraft:iron_ingot":4,"minecraft:arrow":2,"minecraft:bone":3,"minecraft:oak_sapling":1,"ars_nouveau:worn_notebook":1,"minecraft:egg":1},"minecraft:used":{"minecraft:oak_sapling":1},"minecraft:mined":{"minecraft:tall_grass":1,"minecraft:grass":2}},"DataVersion":2586}