{"stats":{"minecraft:picked_up":{"minecraft:hay_block":6,"minecraft:cactus":2,"minecraft:rotten_flesh":2},"minecraft:custom":{"minecraft:jump":177,"minecraft:time_since_rest":14666,"minecraft:play_one_minute":14666,"minecraft:crouch_one_cm":27,"minecraft:damage_taken":75,"minecraft:leave_game":5,"minecraft:sprint_one_cm":7628,"minecraft:time_since_death":14666,"minecraft:walk_on_water_one_cm":856,"minecraft:walk_one_cm":18977,"minecraft:sneak_time":76,"minecraft:fall_one_cm":5518,"minecraft:fly_one_cm":17536}},"DataVersion":2586}