{"stats":{"minecraft:custom":{"minecraft:jump":252,"minecraft:time_since_rest":6851,"minecraft:play_one_minute":23622,"minecraft:crouch_one_cm":27,"minecraft:damage_taken":95,"minecraft:leave_game":6,"minecraft:sprint_one_cm":12765,"minecraft:time_since_death":23622,"minecraft:walk_on_water_one_cm":856,"minecraft:walk_one_cm":32411,"minecraft:sleep_in_bed":1,"minecraft:sneak_time":83,"minecraft:fall_one_cm":8533,"minecraft:fly_one_cm":35709,"minecraft:open_chest":1},"minecraft:picked_up":{"minecraft:hay_block":6,"minecraft:cactus":2,"minecraft:rotten_flesh":2}},"DataVersion":2586}