{"stats":{"minecraft:crafted":{"minecraft:bread":21,"minecraft:wheat":171},"minecraft:custom":{"minecraft:damage_taken":1342,"minecraft:sprint_one_cm":80199,"minecraft:time_since_rest":7046,"minecraft:walk_one_cm":117448,"minecraft:mob_kills":9,"minecraft:drop":52,"minecraft:damage_dealt":2249,"minecraft:player_kills":1,"minecraft:swim_one_cm":1128,"minecraft:interact_with_crafting_table":3,"minecraft:fly_one_cm":148119,"minecraft:open_chest":3,"minecraft:play_one_minute":82743,"minecraft:crouch_one_cm":10992,"minecraft:deaths":3,"minecraft:sneak_time":4937,"minecraft:walk_under_water_one_cm":2934,"minecraft:jump":906,"minecraft:leave_game":12,"minecraft:time_since_death":46190,"minecraft:walk_on_water_one_cm":9080,"minecraft:sleep_in_bed":6,"minecraft:fall_one_cm":30805},"minecraft:killed_by":{"minecraft:iron_golem":1,"ars_nouveau:wilden_hunter":1},"minecraft:picked_up":{"minecraft:lime_bed":1,"minecraft:stick":7,"minecraft:wheat":21,"minecraft:feather":2,"minecraft:chicken":2,"minecraft:porkchop":2,"minecraft:sand":52,"minecraft:cyan_bed":1,"minecraft:spider_eye":1,"ars_nouveau:wilden_horn":1,"minecraft:string":1,"minecraft:cactus":4,"minecraft:rotten_flesh":6,"spartanweaponry:rapier_iron":1,"minecraft:wheat_seeds":41,"ars_nouveau:worn_notebook":3,"minecraft:hay_block":62,"minecraft:iron_ingot":11,"minecraft:bread":22,"minecraft:poppy":5,"minecraft:sugar_cane":15,"minecraft:iron_sword":1},"minecraft:used":{"spartanweaponry:rapier_iron":43,"minecraft:bread":7,"minecraft:sand":48,"minecraft:hay_block":17,"minecraft:wheat_seeds":10},"minecraft:killed":{"minecraft:husk":1,"minecraft:zombie":1,"minecraft:pig":1,"minecraft:chicken":2,"minecraft:spider":1,"minecraft:iron_golem":2},"minecraft:dropped":{"minecraft:poppy":2,"minecraft:hay_block":5,"spartanweaponry:rapier_iron":1,"minecraft:wheat":68,"minecraft:sand":1,"ars_nouveau:worn_notebook":1,"minecraft:iron_ingot":8},"minecraft:mined":{"minecraft:hay_block":50,"minecraft:lime_bed":1,"minecraft:cactus":1,"minecraft:wheat":16,"minecraft:grass":2,"minecraft:dead_bush":11,"minecraft:sand":50,"minecraft:sugar_cane":7}},"DataVersion":2586}