{"stats":{"minecraft:crafted":{"minecraft:oak_planks":16,"minecraft:crafting_table":1,"minecraft:iron_pickaxe":1,"minecraft:bread":21,"minecraft:wheat":171},"minecraft:custom":{"minecraft:damage_taken":1392,"minecraft:sprint_one_cm":94605,"minecraft:time_since_rest":5361,"minecraft:walk_one_cm":130999,"minecraft:mob_kills":10,"minecraft:drop":58,"minecraft:damage_dealt":2477,"minecraft:player_kills":1,"minecraft:swim_one_cm":1128,"minecraft:interact_with_crafting_table":4,"minecraft:fly_one_cm":168386,"minecraft:open_chest":3,"minecraft:play_one_minute":94743,"minecraft:crouch_one_cm":12062,"minecraft:deaths":3,"minecraft:sneak_time":5470,"minecraft:walk_under_water_one_cm":4066,"minecraft:jump":1027,"minecraft:leave_game":12,"minecraft:time_since_death":58190,"minecraft:walk_on_water_one_cm":12601,"minecraft:sleep_in_bed":9,"minecraft:fall_one_cm":32312},"minecraft:killed_by":{"minecraft:iron_golem":1,"ars_nouveau:wilden_hunter":1},"minecraft:picked_up":{"minecraft:lime_bed":1,"minecraft:stick":8,"minecraft:wheat":21,"minecraft:feather":2,"minecraft:chicken":2,"minecraft:porkchop":2,"minecraft:sand":52,"minecraft:oak_log":4,"minecraft:ink_sac":3,"minecraft:cyan_bed":2,"minecraft:spider_eye":1,"ars_nouveau:wilden_horn":1,"minecraft:string":1,"minecraft:bone":2,"minecraft:cactus":4,"minecraft:rotten_flesh":6,"spartanweaponry:rapier_iron":1,"minecraft:wheat_seeds":43,"ars_nouveau:worn_notebook":3,"minecraft:hay_block":62,"minecraft:iron_ingot":11,"minecraft:bread":22,"minecraft:poppy":5,"minecraft:oak_sapling":1,"minecraft:sugar_cane":15,"minecraft:iron_sword":1},"minecraft:used":{"spartanweaponry:rapier_iron":46,"minecraft:cyan_bed":1,"minecraft:bread":9,"minecraft:sand":48,"minecraft:hay_block":19,"minecraft:crafting_table":1,"minecraft:wheat_seeds":10},"minecraft:killed":{"minecraft:husk":2,"minecraft:zombie":1,"minecraft:pig":1,"minecraft:chicken":2,"minecraft:spider":1,"minecraft:iron_golem":2},"minecraft:dropped":{"minecraft:poppy":2,"minecraft:hay_block":5,"spartanweaponry:rapier_iron":1,"minecraft:wheat":68,"minecraft:sand":1,"minecraft:iron_sword":1,"minecraft:lime_bed":1,"ars_nouveau:worn_notebook":1,"minecraft:iron_ingot":12},"minecraft:mined":{"minecraft:hay_block":50,"minecraft:lime_bed":1,"minecraft:cactus":1,"minecraft:wheat":16,"minecraft:grass":3,"minecraft:oak_log":5,"minecraft:dead_bush":11,"minecraft:sand":50,"minecraft:cyan_bed":1,"minecraft:sugar_cane":7,"minecraft:oak_leaves":1}},"DataVersion":2586}