{"stats":{"minecraft:used":{"minecraft:wheat_seeds":10,"minecraft:sand":13,"minecraft:hay_block":1,"spartanweaponry:rapier_iron":6},"minecraft:custom":{"minecraft:open_chest":2,"minecraft:time_since_rest":3122,"minecraft:play_one_minute":65983,"minecraft:crouch_one_cm":4727,"minecraft:damage_taken":1075,"minecraft:sprint_one_cm":44569,"minecraft:walk_one_cm":72812,"minecraft:deaths":3,"minecraft:sneak_time":2277,"minecraft:mob_kills":2,"minecraft:drop":3,"minecraft:jump":576,"minecraft:damage_dealt":738,"minecraft:leave_game":12,"minecraft:time_since_death":29430,"minecraft:walk_on_water_one_cm":1059,"minecraft:sleep_in_bed":5,"minecraft:interact_with_crafting_table":1,"minecraft:fly_one_cm":99321,"minecraft:fall_one_cm":24225},"minecraft:mined":{"minecraft:dead_bush":11,"minecraft:sand":19,"minecraft:wheat":16,"minecraft:sugar_cane":7,"minecraft:cactus":1,"minecraft:hay_block":20},"minecraft:dropped":{"minecraft:poppy":2,"minecraft:sand":1},"minecraft:picked_up":{"minecraft:wheat":12,"minecraft:stick":7,"minecraft:cactus":4,"minecraft:rotten_flesh":6,"minecraft:wheat_seeds":41,"ars_nouveau:worn_notebook":2,"minecraft:hay_block":26,"minecraft:iron_ingot":3,"minecraft:sand":20,"minecraft:poppy":2,"minecraft:sugar_cane":15,"ars_nouveau:wilden_horn":1},"minecraft:killed_by":{"minecraft:iron_golem":1,"ars_nouveau:wilden_hunter":1},"minecraft:killed":{"minecraft:iron_golem":1,"minecraft:husk":1}},"DataVersion":2586}