{"stats":{"minecraft:custom":{"minecraft:open_chest":1,"minecraft:time_since_rest":8122,"minecraft:crouch_one_cm":91,"minecraft:play_one_minute":44647,"minecraft:sprint_one_cm":18961,"minecraft:deaths":3,"minecraft:damage_taken":1055,"minecraft:walk_one_cm":49769,"minecraft:sneak_time":117,"minecraft:mob_kills":1,"minecraft:jump":339,"minecraft:damage_dealt":216,"minecraft:leave_game":10,"minecraft:walk_on_water_one_cm":856,"minecraft:time_since_death":8094,"minecraft:sleep_in_bed":3,"minecraft:interact_with_crafting_table":1,"minecraft:fall_one_cm":14025,"minecraft:fly_one_cm":49893},"minecraft:killed":{"minecraft:husk":1},"minecraft:mined":{"minecraft:sand":8},"minecraft:killed_by":{"minecraft:iron_golem":1,"ars_nouveau:wilden_hunter":1},"minecraft:picked_up":{"minecraft:cactus":2,"minecraft:rotten_flesh":6,"ars_nouveau:worn_notebook":2,"minecraft:hay_block":6,"minecraft:sand":8,"ars_nouveau:wilden_horn":1},"minecraft:used":{"minecraft:sand":6}},"DataVersion":2586}