{"stats":{"minecraft:picked_up":{"minecraft:hay_block":6,"minecraft:cactus":2,"minecraft:rotten_flesh":2},"minecraft:custom":{"minecraft:jump":133,"minecraft:time_since_rest":8991,"minecraft:play_one_minute":8991,"minecraft:crouch_one_cm":27,"minecraft:damage_taken":75,"minecraft:leave_game":3,"minecraft:sprint_one_cm":5306,"minecraft:time_since_death":8991,"minecraft:walk_on_water_one_cm":856,"minecraft:walk_one_cm":11457,"minecraft:sneak_time":76,"minecraft:fall_one_cm":3788,"minecraft:fly_one_cm":11667}},"DataVersion":2586}