{"stats":{"minecraft:custom":{"minecraft:jump":277,"minecraft:time_since_rest":6168,"minecraft:damage_taken":355,"minecraft:play_one_minute":32315,"minecraft:crouch_one_cm":87,"minecraft:leave_game":8,"minecraft:time_since_death":6608,"minecraft:sprint_one_cm":14363,"minecraft:walk_one_cm":35307,"minecraft:walk_on_water_one_cm":856,"minecraft:deaths":1,"minecraft:sleep_in_bed":2,"minecraft:sneak_time":102,"minecraft:interact_with_crafting_table":1,"minecraft:fall_one_cm":12069,"minecraft:fly_one_cm":38893,"minecraft:open_chest":1},"minecraft:picked_up":{"minecraft:hay_block":6,"minecraft:sand":5,"minecraft:cactus":2,"minecraft:rotten_flesh":2},"minecraft:mined":{"minecraft:sand":6},"minecraft:used":{"minecraft:sand":3}},"DataVersion":2586}