{"stats":{"minecraft:used":{"minecraft:wheat_seeds":10,"minecraft:sand":12},"minecraft:custom":{"minecraft:open_chest":1,"minecraft:time_since_rest":7402,"minecraft:play_one_minute":53983,"minecraft:crouch_one_cm":1689,"minecraft:damage_taken":1075,"minecraft:sprint_one_cm":31855,"minecraft:walk_one_cm":64130,"minecraft:deaths":3,"minecraft:sneak_time":1477,"minecraft:mob_kills":2,"minecraft:drop":3,"minecraft:jump":454,"minecraft:damage_dealt":738,"minecraft:leave_game":12,"minecraft:time_since_death":17430,"minecraft:walk_on_water_one_cm":889,"minecraft:sleep_in_bed":4,"minecraft:interact_with_crafting_table":1,"minecraft:fly_one_cm":73189,"minecraft:fall_one_cm":19453},"minecraft:mined":{"minecraft:dead_bush":11,"minecraft:sand":19,"minecraft:wheat":10},"minecraft:dropped":{"minecraft:poppy":2,"minecraft:sand":1},"minecraft:picked_up":{"minecraft:wheat":8,"minecraft:stick":7,"minecraft:cactus":2,"minecraft:rotten_flesh":6,"minecraft:wheat_seeds":27,"ars_nouveau:worn_notebook":2,"minecraft:hay_block":6,"minecraft:iron_ingot":3,"minecraft:sand":20,"minecraft:poppy":2,"ars_nouveau:wilden_horn":1},"minecraft:killed_by":{"minecraft:iron_golem":1,"ars_nouveau:wilden_hunter":1},"minecraft:killed":{"minecraft:iron_golem":1,"minecraft:husk":1}},"DataVersion":2586}