{"stats":{"minecraft:used":{"minecraft:wheat_seeds":10,"spartanweaponry:rapier_iron":43,"minecraft:bread":5,"minecraft:sand":13,"minecraft:hay_block":15},"minecraft:crafted":{"minecraft:bread":21,"minecraft:wheat":171},"minecraft:custom":{"minecraft:time_since_rest":2286,"minecraft:sprint_one_cm":74276,"minecraft:damage_taken":1262,"minecraft:walk_one_cm":112733,"minecraft:mob_kills":9,"minecraft:drop":42,"minecraft:damage_dealt":2223,"minecraft:swim_one_cm":1128,"minecraft:interact_with_crafting_table":3,"minecraft:fly_one_cm":143244,"minecraft:open_chest":3,"minecraft:crouch_one_cm":8068,"minecraft:play_one_minute":77983,"minecraft:deaths":3,"minecraft:sneak_time":3656,"minecraft:walk_under_water_one_cm":1715,"minecraft:jump":800,"minecraft:leave_game":12,"minecraft:walk_on_water_one_cm":5250,"minecraft:time_since_death":41430,"minecraft:sleep_in_bed":6,"minecraft:fall_one_cm":29311},"minecraft:dropped":{"minecraft:poppy":2,"spartanweaponry:rapier_iron":1,"minecraft:wheat":68,"minecraft:sand":1,"minecraft:hay_block":4},"minecraft:mined":{"minecraft:lime_bed":1,"minecraft:hay_block":50,"minecraft:cactus":1,"minecraft:wheat":16,"minecraft:grass":2,"minecraft:dead_bush":11,"minecraft:sand":19,"minecraft:sugar_cane":7},"minecraft:picked_up":{"minecraft:lime_bed":1,"minecraft:stick":7,"minecraft:feather":2,"minecraft:wheat":16,"minecraft:chicken":2,"minecraft:porkchop":2,"minecraft:sand":20,"minecraft:spider_eye":1,"ars_nouveau:wilden_horn":1,"minecraft:cactus":4,"minecraft:rotten_flesh":6,"spartanweaponry:rapier_iron":1,"minecraft:wheat_seeds":41,"ars_nouveau:worn_notebook":2,"minecraft:hay_block":60,"minecraft:iron_ingot":3,"minecraft:poppy":3,"minecraft:sugar_cane":15},"minecraft:killed_by":{"minecraft:iron_golem":1,"ars_nouveau:wilden_hunter":1},"minecraft:killed":{"minecraft:husk":1,"minecraft:zombie":1,"minecraft:pig":1,"minecraft:chicken":2,"minecraft:spider":1,"minecraft:iron_golem":2}},"DataVersion":2586}