{"stats":{"minecraft:used":{"minecraft:iron_sword":34},"minecraft:crafted":{"minecraft:bread":21},"minecraft:custom":{"minecraft:time_since_rest":2286,"minecraft:open_chest":2,"minecraft:play_one_minute":11568,"minecraft:sprint_one_cm":15744,"minecraft:walk_one_cm":30043,"minecraft:damage_taken":366,"minecraft:deaths":1,"minecraft:walk_under_water_one_cm":1622,"minecraft:jump":64,"minecraft:damage_dealt":634,"minecraft:time_since_death":3611,"minecraft:walk_on_water_one_cm":1630,"minecraft:sleep_in_bed":1,"minecraft:interact_with_crafting_table":1,"minecraft:swim_one_cm":273,"minecraft:fall_one_cm":1047,"minecraft:fly_one_cm":5375},"minecraft:mined":{"minecraft:hay_block":1,"minecraft:cyan_bed":1},"minecraft:picked_up":{"minecraft:wheat":65,"ars_nouveau:worn_notebook":2,"minecraft:hay_block":1,"minecraft:iron_ingot":8,"minecraft:poppy":2,"minecraft:bread":21,"minecraft:cyan_bed":1,"minecraft:iron_sword":1},"minecraft:killed_by":{"minecraft:iron_golem":1},"minecraft:killed":{"minecraft:iron_golem":1}},"DataVersion":2586}