{"stats":{"minecraft:crafted":{"minecraft:oak_planks":4,"minecraft:iron_chestplate":1,"minecraft:crafting_table":1,"minecraft:bread":27,"minecraft:wheat":18},"minecraft:custom":{"minecraft:time_since_rest":5361,"minecraft:sprint_one_cm":39356,"minecraft:damage_taken":1258,"minecraft:walk_one_cm":61594,"minecraft:mob_kills":6,"minecraft:drop":2,"minecraft:damage_dealt":1811,"minecraft:swim_one_cm":1245,"minecraft:interact_with_crafting_table":2,"minecraft:fly_one_cm":25617,"minecraft:open_chest":2,"minecraft:play_one_minute":26031,"minecraft:deaths":3,"minecraft:walk_under_water_one_cm":10521,"minecraft:jump":214,"minecraft:sleep_in_bed":2,"minecraft:walk_on_water_one_cm":7026,"minecraft:time_since_death":12836,"minecraft:fall_one_cm":7390},"minecraft:killed_by":{"minecraft:iron_golem":1,"minecraft:player":1,"minecraft:creeper":1},"minecraft:picked_up":{"minecraft:stick":2,"minecraft:lime_bed":2,"minecraft:wheat":65,"minecraft:salmon":5,"minecraft:sand":2,"minecraft:oak_log":5,"minecraft:cyan_bed":1,"minecraft:dirt":11,"minecraft:apple":1,"minecraft:rotten_flesh":1,"ars_nouveau:worn_notebook":4,"minecraft:hay_block":6,"minecraft:iron_ingot":19,"minecraft:bread":21,"minecraft:poppy":4,"minecraft:oak_sapling":2,"minecraft:iron_sword":3},"minecraft:used":{"minecraft:iron_sword":91,"minecraft:sand":1,"minecraft:hay_block":3,"minecraft:lime_bed":1},"minecraft:killed":{"minecraft:salmon":5,"minecraft:iron_golem":2},"minecraft:dropped":{"minecraft:iron_sword":1,"ars_nouveau:worn_notebook":1},"minecraft:mined":{"minecraft:lime_bed":1,"minecraft:hay_block":6,"minecraft:tall_seagrass":1,"minecraft:oak_log":4,"minecraft:sand":4,"minecraft:cyan_bed":1,"minecraft:oak_leaves":3}},"DataVersion":2586}