{"stats":{"minecraft:crafted":{"minecraft:bread":21},"minecraft:custom":{"minecraft:open_chest":2,"minecraft:time_since_rest":876,"minecraft:damage_taken":1193,"minecraft:play_one_minute":14031,"minecraft:sprint_one_cm":25607,"minecraft:deaths":3,"minecraft:walk_one_cm":35784,"minecraft:walk_under_water_one_cm":1994,"minecraft:jump":111,"minecraft:damage_dealt":634,"minecraft:time_since_death":836,"minecraft:walk_on_water_one_cm":4153,"minecraft:sleep_in_bed":1,"minecraft:swim_one_cm":1078,"minecraft:interact_with_crafting_table":1,"minecraft:fall_one_cm":5956,"minecraft:fly_one_cm":16100},"minecraft:picked_up":{"minecraft:wheat":65,"ars_nouveau:worn_notebook":2,"minecraft:hay_block":1,"minecraft:iron_ingot":16,"minecraft:poppy":2,"minecraft:bread":21,"minecraft:cyan_bed":1,"minecraft:iron_sword":1},"minecraft:killed_by":{"minecraft:iron_golem":1,"minecraft:creeper":1,"minecraft:player":1},"minecraft:used":{"minecraft:iron_sword":34},"minecraft:killed":{"minecraft:iron_golem":1},"minecraft:mined":{"minecraft:hay_block":1,"minecraft:sand":1,"minecraft:cyan_bed":1}},"DataVersion":2586}